add.POSIXct,viz_owner_repo,error
2026-03-23T19:36:17.554030Z,shubhammittal588/Shubham-Mittal-GSoC,Capture.PNG download returned 404: Not Found
2026-03-23T19:36:17.554030Z,Vatsal-Rajput/BrownianMotion,Capture.PNG download returned 404: Not Found
2026-03-23T19:36:17.554030Z,Tushar98644/Animint2_Tests,Capture.PNG download returned 404: Not Found
2026-03-23T19:36:17.554030Z,busttech/deploy2,Capture.PNG download returned 404: Not Found
2026-03-23T19:36:17.554030Z,suhaani-agarwal/r,Capture.PNG download returned 404: Not Found
2026-03-23T19:36:17.554030Z,AviraL0013/least-squares-animint,Capture.PNG download returned 404: Not Found
2026-03-23T19:36:17.554030Z,prateek-kalwar-95/brownian-motion,Capture.PNG download returned 404: Not Found
2026-03-23T19:36:17.554030Z,prateek-kalwar-95/flip_coin,Capture.PNG download returned 404: Not Found
2026-03-23T19:36:17.554030Z,ashishtiwari03/animint2-medium-pages,Capture.PNG download returned 404: Not Found
